{"cameraMode":{"drawMode":0,"name":"Shaded","section":"Shading Mode"},"sceneLighting":true,"audioPlay":false,"sceneViewState":{"m_AlwaysRefresh":false,"showFog":true,"showSkybox":true,"showFlares":true,"showImageEffects":true,"showParticleSystems":true,"showVisualEffectGraphs":true,"m_FxEnabled":true},"in2DMode":false,"pivot":{"x":-1.8217309713363648,"y":0.4852304458618164,"z":-1.106911063194275},"rotation":{"x":-0.009400125592947007,"y":-0.9356797933578491,"z":0.3522140681743622,"w":-0.027219058945775033},"size":1.1713957786560059,"orthographic":false}