{"cameraMode":{"drawMode":0,"name":"Shaded","section":"Shading Mode"},"sceneLighting":false,"audioPlay":false,"sceneViewState":{"m_AlwaysRefresh":false,"showFog":true,"showSkybox":true,"showFlares":true,"showImageEffects":true,"showParticleSystems":true,"showVisualEffectGraphs":true,"m_FxEnabled":true},"in2DMode":false,"pivot":{"x":-0.744232177734375,"y":0.6841982007026672,"z":-0.5005450248718262},"rotation":{"x":0.026174739003181459,"y":0.9304854273796082,"z":-0.3592168688774109,"w":0.06892439723014832},"size":1.2594828605651856,"orthographic":false}