{"cameraMode":{"drawMode":0,"name":"Shaded","section":"Shading Mode"},"sceneLighting":false,"audioPlay":false,"sceneViewState":{"m_AlwaysRefresh":false,"showFog":true,"showSkybox":true,"showFlares":true,"showImageEffects":true,"showParticleSystems":true,"showVisualEffectGraphs":true,"m_FxEnabled":true},"in2DMode":false,"pivot":{"x":-2.5197126865386965,"y":3.6027584075927736,"z":1.696912169456482},"rotation":{"x":0.13586094975471497,"y":0.8560845255851746,"z":-0.40843668580055239,"w":0.28669795393943789},"size":1.2594828605651856,"orthographic":false}