{"cameraMode":{"drawMode":0,"name":"Shaded","section":"Shading Mode"},"sceneLighting":false,"audioPlay":false,"sceneViewState":{"m_AlwaysRefresh":false,"showFog":true,"showSkybox":true,"showFlares":true,"showImageEffects":true,"showParticleSystems":true,"showVisualEffectGraphs":true,"m_FxEnabled":true},"in2DMode":false,"pivot":{"x":-1.5736703872680665,"y":5.65376091003418,"z":3.0393271446228029},"rotation":{"x":0.044334832578897479,"y":0.8708624839782715,"z":-0.48302918672561648,"w":0.08022916316986084},"size":0.9594829082489014,"orthographic":false}