{"cameraMode":{"drawMode":0,"name":"Shaded","section":"Shading Mode"},"sceneLighting":false,"audioPlay":false,"sceneViewState":{"m_AlwaysRefresh":false,"showFog":true,"showSkybox":true,"showFlares":true,"showImageEffects":true,"showParticleSystems":true,"showVisualEffectGraphs":true,"m_FxEnabled":true},"in2DMode":false,"pivot":{"x":-1.7319318056106568,"y":0.7934821248054504,"z":-1.3379886150360108},"rotation":{"x":0.0032387746032327415,"y":0.9714301824569702,"z":-0.23710636794567109,"w":0.013407979160547257},"size":0.9594829082489014,"orthographic":false}