{"cameraMode":{"drawMode":0,"name":"Shaded","section":"Shading Mode"},"sceneLighting":false,"audioPlay":false,"sceneViewState":{"m_AlwaysRefresh":false,"showFog":true,"showSkybox":true,"showFlares":true,"showImageEffects":true,"showParticleSystems":true,"showVisualEffectGraphs":true,"m_FxEnabled":true},"in2DMode":false,"pivot":{"x":-1.609946846961975,"y":0.9308399558067322,"z":-0.9716166257858276},"rotation":{"x":0.003992815036326647,"y":0.9598627686500549,"z":-0.28059953451156618,"w":0.016315510496497155},"size":1.2594828605651856,"orthographic":false}