{"cameraMode":{"drawMode":0,"name":"Shaded","section":"Shading Mode"},"sceneLighting":true,"audioPlay":false,"sceneViewState":{"m_AlwaysRefresh":false,"showFog":true,"showSkybox":true,"showFlares":true,"showImageEffects":true,"showParticleSystems":true,"showVisualEffectGraphs":true,"m_FxEnabled":true},"in2DMode":false,"pivot":{"x":-1.2776095867156983,"y":0.765358030796051,"z":-1.266065239906311},"rotation":{"x":-0.024515608325600625,"y":-0.9281468987464905,"z":0.36630818247795107,"w":-0.06218675151467323},"size":0.8660253882408142,"orthographic":false}