{"cameraMode":{"drawMode":0,"name":"Shaded","section":"Shading Mode"},"sceneLighting":true,"audioPlay":false,"sceneViewState":{"m_AlwaysRefresh":false,"showFog":true,"showSkybox":true,"showFlares":true,"showImageEffects":true,"showParticleSystems":true,"showVisualEffectGraphs":true,"m_FxEnabled":true},"in2DMode":false,"pivot":{"x":-1.4895206689834595,"y":2.7435269355773927,"z":2.110529899597168},"rotation":{"x":-0.002178104827180505,"y":-0.9822494387626648,"z":0.18727508187294007,"w":-0.011498352512717247},"size":0.33523643016815188,"orthographic":false}