{"cameraMode":{"drawMode":0,"name":"Shaded","section":"Shading Mode"},"sceneLighting":false,"audioPlay":false,"sceneViewState":{"m_AlwaysRefresh":false,"showFog":true,"showSkybox":true,"showFlares":true,"showImageEffects":true,"showParticleSystems":true,"showVisualEffectGraphs":true,"m_FxEnabled":true},"in2DMode":false,"pivot":{"x":-1.4235984086990357,"y":0.5705228447914124,"z":-0.6218961477279663},"rotation":{"x":0.0055676973424851898,"y":0.9000974893569946,"z":-0.43580162525177,"w":0.012607287615537644},"size":1.2772494554519654,"orthographic":false}