{"cameraMode":{"drawMode":0,"name":"Shaded","section":"Shading Mode"},"sceneLighting":false,"audioPlay":false,"sceneViewState":{"m_AlwaysRefresh":false,"showFog":true,"showSkybox":false,"showFlares":true,"showImageEffects":true,"showParticleSystems":true,"showVisualEffectGraphs":true,"m_FxEnabled":true},"in2DMode":false,"pivot":{"x":-1.7502777576446534,"y":2.0479519367218019,"z":0.30268555879592898},"rotation":{"x":-0.0029179544653743507,"y":-0.9891964793205261,"z":0.1464751660823822,"w":-0.022576594725251199},"size":0.8660253882408142,"orthographic":false}