{"cameraMode":{"drawMode":0,"name":"Shaded","section":"Shading Mode"},"sceneLighting":true,"audioPlay":false,"sceneViewState":{"m_AlwaysRefresh":false,"showFog":true,"showSkybox":true,"showFlares":true,"showImageEffects":true,"showParticleSystems":true,"showVisualEffectGraphs":true,"m_FxEnabled":true},"in2DMode":false,"pivot":{"x":-1.375200867652893,"y":-6.951457500457764,"z":-15.361936569213868},"rotation":{"x":-0.0015077644493430853,"y":-0.9677896499633789,"z":0.2516596019268036,"w":-0.0058151353150606159},"size":10.090188026428223,"orthographic":false}