{"cameraMode":{"drawMode":0,"name":"Shaded","section":"Shading Mode"},"sceneLighting":true,"audioPlay":false,"sceneViewState":{"m_AlwaysRefresh":false,"showFog":true,"showSkybox":true,"showFlares":true,"showImageEffects":true,"showParticleSystems":true,"showVisualEffectGraphs":true,"m_FxEnabled":true},"in2DMode":false,"pivot":{"x":-1.8832972049713135,"y":1.7109144926071168,"z":0.056325655430555347},"rotation":{"x":-0.018204137682914735,"y":-0.9358881115913391,"z":0.34842726588249209,"w":-0.04890160635113716},"size":2.8732776641845705,"orthographic":false}