{"cameraMode":{"drawMode":0,"name":"Shaded","section":"Shading Mode"},"sceneLighting":false,"audioPlay":false,"sceneViewState":{"m_AlwaysRefresh":false,"showFog":true,"showSkybox":true,"showFlares":true,"showImageEffects":true,"showParticleSystems":true,"showVisualEffectGraphs":true,"m_FxEnabled":true},"in2DMode":false,"pivot":{"x":-0.40031105279922488,"y":2.510005474090576,"z":-0.029868125915527345},"rotation":{"x":0.0049950662069022659,"y":0.9863489270210266,"z":-0.16212224960327149,"w":0.03290668874979019},"size":1.2594828605651856,"orthographic":false}