{"cameraMode":{"drawMode":0,"name":"Shaded","section":"Shading Mode"},"sceneLighting":true,"audioPlay":false,"sceneViewState":{"m_AlwaysRefresh":false,"showFog":true,"showSkybox":true,"showFlares":true,"showImageEffects":true,"showParticleSystems":true,"showVisualEffectGraphs":true,"m_FxEnabled":true},"in2DMode":false,"pivot":{"x":-1.9321311712265015,"y":1.324573278427124,"z":-0.23422865569591523},"rotation":{"x":-0.0010845385259017349,"y":-0.913953959941864,"z":0.4058445990085602,"w":-0.0024757636711001398},"size":1.4887804985046387,"orthographic":false}