{"cameraMode":{"drawMode":0,"name":"Shaded","section":"Shading Mode"},"sceneLighting":false,"audioPlay":false,"sceneViewState":{"m_AlwaysRefresh":false,"showFog":true,"showSkybox":true,"showFlares":true,"showImageEffects":true,"showParticleSystems":true,"showVisualEffectGraphs":true,"m_FxEnabled":true},"in2DMode":false,"pivot":{"x":0.8823678493499756,"y":1.2642297744750977,"z":2.1095361709594728},"rotation":{"x":0.003670857520774007,"y":0.9514251351356506,"z":-0.30781254172325137,"w":0.011728061363101006},"size":0.9594829082489014,"orthographic":false}