{"cameraMode":{"drawMode":0,"name":"Shaded","section":"Shading Mode"},"sceneLighting":false,"audioPlay":false,"sceneViewState":{"m_AlwaysRefresh":false,"showFog":true,"showSkybox":true,"showFlares":true,"showImageEffects":true,"showParticleSystems":true,"showVisualEffectGraphs":true,"m_FxEnabled":true},"in2DMode":false,"pivot":{"x":-1.4829542636871338,"y":1.1720539331436158,"z":-0.3656364977359772},"rotation":{"x":-0.01488445419818163,"y":0.9211851358413696,"z":-0.38771045207977297,"w":-0.034112975001335147},"size":1.2594828605651856,"orthographic":false}