{"cameraMode":{"drawMode":0,"name":"Shaded","section":"Shading Mode"},"sceneLighting":false,"audioPlay":false,"sceneViewState":{"m_AlwaysRefresh":false,"showFog":true,"showSkybox":true,"showFlares":true,"showImageEffects":true,"showParticleSystems":true,"showVisualEffectGraphs":true,"m_FxEnabled":true},"in2DMode":false,"pivot":{"x":-1.669052004814148,"y":2.382141351699829,"z":0.7988061904907227},"rotation":{"x":0.011453932151198388,"y":0.9668636322021484,"z":-0.25143009424209597,"w":0.045352596789598468},"size":1.2594828605651856,"orthographic":false}