{"cameraMode":{"drawMode":0,"name":"Shaded","section":"Shading Mode"},"sceneLighting":false,"audioPlay":false,"sceneViewState":{"m_AlwaysRefresh":false,"showFog":true,"showSkybox":true,"showFlares":true,"showImageEffects":true,"showParticleSystems":true,"showVisualEffectGraphs":true,"m_FxEnabled":true},"in2DMode":false,"pivot":{"x":0.771898627281189,"y":0.9389039278030396,"z":0.8303231000900269},"rotation":{"x":0.009285438805818558,"y":0.9454077482223511,"z":-0.32477694749832156,"w":0.027247371152043344},"size":0.9594829082489014,"orthographic":false}