{"cameraMode":{"drawMode":0,"name":"Shaded","section":"Shading Mode"},"sceneLighting":false,"audioPlay":false,"sceneViewState":{"m_AlwaysRefresh":false,"showFog":true,"showSkybox":true,"showFlares":true,"showImageEffects":true,"showParticleSystems":true,"showVisualEffectGraphs":true,"m_FxEnabled":true},"in2DMode":false,"pivot":{"x":-1.4602268934249879,"y":1.4768259525299073,"z":-0.2967764139175415},"rotation":{"x":0.010333681479096413,"y":0.9495686888694763,"z":-0.3119395673274994,"w":0.03163909167051315},"size":0.9594829082489014,"orthographic":false}