{"cameraMode":{"drawMode":0,"name":"Shaded","section":"Shading Mode"},"sceneLighting":false,"audioPlay":false,"sceneViewState":{"m_AlwaysRefresh":false,"showFog":true,"showSkybox":true,"showFlares":true,"showImageEffects":true,"showParticleSystems":true,"showVisualEffectGraphs":true,"m_FxEnabled":true},"in2DMode":false,"pivot":{"x":-1.708914041519165,"y":1.6171398162841797,"z":0.37126457691192629},"rotation":{"x":-0.0007044199737720192,"y":0.9753384590148926,"z":-0.2210732102394104,"w":-0.002613440155982971},"size":0.19955125451087953,"orthographic":false}