{"cameraMode":{"drawMode":0,"name":"Shaded","section":"Shading Mode"},"sceneLighting":false,"audioPlay":false,"sceneViewState":{"m_AlwaysRefresh":false,"showFog":true,"showSkybox":true,"showFlares":true,"showImageEffects":true,"showParticleSystems":true,"showVisualEffectGraphs":true,"m_FxEnabled":true},"in2DMode":false,"pivot":{"x":-1.9827394485473633,"y":1.7310123443603516,"z":0.02238384820520878},"rotation":{"x":0.00500281760469079,"y":0.9523612856864929,"z":-0.30496904253959658,"w":0.017597924917936326},"size":1.2594828605651856,"orthographic":false}