{"cameraMode":{"drawMode":0,"name":"Shaded","section":"Shading Mode"},"sceneLighting":false,"audioPlay":false,"sceneViewState":{"m_AlwaysRefresh":false,"showFog":true,"showSkybox":true,"showFlares":true,"showImageEffects":true,"showParticleSystems":true,"showVisualEffectGraphs":true,"m_FxEnabled":true},"in2DMode":false,"pivot":{"x":0.5615571737289429,"y":2.653761386871338,"z":1.8713297843933106},"rotation":{"x":0.08272566646337509,"y":0.8590757250785828,"z":-0.4832674562931061,"w":0.14734826982021333},"size":0.9594829082489014,"orthographic":false}