{"cameraMode":{"drawMode":0,"name":"Shaded","section":"Shading Mode"},"sceneLighting":true,"audioPlay":false,"sceneViewState":{"m_AlwaysRefresh":false,"showFog":true,"showSkybox":true,"showFlares":true,"showImageEffects":true,"showParticleSystems":true,"showVisualEffectGraphs":true,"m_FxEnabled":true},"in2DMode":false,"pivot":{"x":-2.065495014190674,"y":1.7223438024520875,"z":-0.041268207132816318},"rotation":{"x":0.0028562459629029037,"y":0.969814121723175,"z":-0.24445822834968568,"w":0.018126338720321657},"size":1.3071067333221436,"orthographic":false}