{"cameraMode":{"drawMode":0,"name":"Shaded","section":"Shading Mode"},"sceneLighting":true,"audioPlay":false,"sceneViewState":{"m_AlwaysRefresh":false,"showFog":true,"showSkybox":true,"showFlares":true,"showImageEffects":true,"showParticleSystems":true,"showVisualEffectGraphs":true,"m_FxEnabled":true},"in2DMode":false,"pivot":{"x":0.29400157928466799,"y":2.006047010421753,"z":-1.142712116241455},"rotation":{"x":0.2245686650276184,"y":-0.0005864263512194157,"z":0.00013497839972842485,"w":0.9744601249694824},"size":4.206911087036133,"orthographic":true}