{"cameraMode":{"drawMode":0,"name":"Shaded","section":"Shading Mode"},"sceneLighting":false,"audioPlay":false,"sceneViewState":{"m_AlwaysRefresh":false,"showFog":true,"showSkybox":true,"showFlares":true,"showImageEffects":true,"showParticleSystems":true,"showVisualEffectGraphs":true,"m_FxEnabled":true},"in2DMode":false,"pivot":{"x":-1.5335571765899659,"y":3.3987960815429689,"z":2.508441686630249},"rotation":{"x":0.012419669888913632,"y":0.9321656823158264,"z":-0.3604797422885895,"w":0.032179027795791629},"size":0.03403210639953613,"orthographic":false}