{"cameraMode":{"drawMode":0,"name":"Shaded","section":"Shading Mode"},"sceneLighting":false,"audioPlay":false,"sceneViewState":{"m_AlwaysRefresh":false,"showFog":true,"showSkybox":true,"showFlares":true,"showImageEffects":true,"showParticleSystems":true,"showVisualEffectGraphs":true,"m_FxEnabled":true},"in2DMode":false,"pivot":{"x":-1.7829421758651734,"y":2.100522994995117,"z":0.2569350004196167},"rotation":{"x":-0.0027044175658375026,"y":0.9670613408088684,"z":-0.25456592440605166,"w":-0.009835133329033852},"size":1.2772494554519654,"orthographic":false}