{"cameraMode":{"drawMode":0,"name":"Shaded","section":"Shading Mode"},"sceneLighting":false,"audioPlay":false,"sceneViewState":{"m_AlwaysRefresh":false,"showFog":true,"showSkybox":true,"showFlares":true,"showImageEffects":true,"showParticleSystems":true,"showVisualEffectGraphs":true,"m_FxEnabled":true},"in2DMode":false,"pivot":{"x":-1.236374020576477,"y":2.1829354763031008,"z":0.9651873111724854},"rotation":{"x":-0.05319024249911308,"y":-0.9455353617668152,"z":0.20463714003562928,"w":-0.2483828365802765},"size":0.25105032324790957,"orthographic":false}