{"cameraMode":{"drawMode":0,"name":"Shaded","section":"Shading Mode"},"sceneLighting":false,"audioPlay":false,"sceneViewState":{"m_AlwaysRefresh":false,"showFog":true,"showSkybox":true,"showFlares":true,"showImageEffects":true,"showParticleSystems":true,"showVisualEffectGraphs":true,"m_FxEnabled":true},"in2DMode":false,"pivot":{"x":-1.5091955661773682,"y":3.575270652770996,"z":1.5362221002578736},"rotation":{"x":0.005887376144528389,"y":0.9254522919654846,"z":-0.3787945508956909,"w":0.015412045642733574},"size":0.03403210639953613,"orthographic":false}