{"cameraMode":{"drawMode":0,"name":"Shaded","section":"Shading Mode"},"sceneLighting":false,"audioPlay":false,"sceneViewState":{"m_AlwaysRefresh":false,"showFog":true,"showSkybox":true,"showFlares":true,"showImageEffects":true,"showParticleSystems":true,"showVisualEffectGraphs":true,"m_FxEnabled":true},"in2DMode":false,"pivot":{"x":-1.6860204935073853,"y":1.4042104482650757,"z":-0.8135727047920227},"rotation":{"x":-0.015952130779623987,"y":0.9448162317276001,"z":-0.32454484701156618,"w":-0.044964034110307696},"size":1.2594828605651856,"orthographic":false}