{"cameraMode":{"drawMode":0,"name":"Shaded","section":"Shading Mode"},"sceneLighting":false,"audioPlay":false,"sceneViewState":{"m_AlwaysRefresh":false,"showFog":true,"showSkybox":true,"showFlares":true,"showImageEffects":true,"showParticleSystems":true,"showVisualEffectGraphs":true,"m_FxEnabled":true},"in2DMode":false,"pivot":{"x":-0.4408259391784668,"y":0.26001542806625368,"z":-0.8950451612472534},"rotation":{"x":0.07667756080627442,"y":0.9108092784881592,"z":-0.35477253794670107,"w":0.19731329381465913},"size":1.2772494554519654,"orthographic":false}