{"cameraMode":{"drawMode":0,"name":"Shaded","section":"Shading Mode"},"sceneLighting":false,"audioPlay":false,"sceneViewState":{"m_AlwaysRefresh":false,"showFog":true,"showSkybox":true,"showFlares":true,"showImageEffects":true,"showParticleSystems":true,"showVisualEffectGraphs":true,"m_FxEnabled":true},"in2DMode":false,"pivot":{"x":-1.6691359281539918,"y":1.0750019550323487,"z":-0.8498219847679138},"rotation":{"x":0.003367100842297077,"y":0.968888521194458,"z":-0.24729377031326295,"w":0.013376379385590554},"size":0.9594829082489014,"orthographic":false}