{"cameraMode":{"drawMode":0,"name":"Shaded","section":"Shading Mode"},"sceneLighting":false,"audioPlay":false,"sceneViewState":{"m_AlwaysRefresh":false,"showFog":true,"showSkybox":true,"showFlares":true,"showImageEffects":true,"showParticleSystems":true,"showVisualEffectGraphs":true,"m_FxEnabled":true},"in2DMode":false,"pivot":{"x":-1.81489098072052,"y":1.4313703775405884,"z":0.10576265305280686},"rotation":{"x":0.01038212887942791,"y":0.9608272910118103,"z":-0.2746243476867676,"w":0.03633299469947815},"size":0.9594829082489014,"orthographic":false}