{"cameraMode":{"drawMode":0,"name":"Shaded","section":"Shading Mode"},"sceneLighting":false,"audioPlay":false,"sceneViewState":{"m_AlwaysRefresh":false,"showFog":true,"showSkybox":true,"showFlares":true,"showImageEffects":true,"showParticleSystems":true,"showVisualEffectGraphs":true,"m_FxEnabled":true},"in2DMode":false,"pivot":{"x":-1.6422311067581177,"y":2.519178628921509,"z":0.2525571584701538},"rotation":{"x":0.013138129375874997,"y":0.9672175645828247,"z":-0.2484532594680786,"w":0.05419653281569481},"size":1.2594828605651856,"orthographic":false}