{"cameraMode":{"drawMode":0,"name":"Shaded","section":"Shading Mode"},"sceneLighting":true,"audioPlay":false,"sceneViewState":{"m_AlwaysRefresh":false,"showFog":true,"showSkybox":true,"showFlares":true,"showImageEffects":true,"showParticleSystems":true,"showVisualEffectGraphs":true,"m_FxEnabled":true},"in2DMode":false,"pivot":{"x":-1.315118670463562,"y":2.2949018478393556,"z":0.7248141765594482},"rotation":{"x":0.0030527343042194845,"y":0.926653265953064,"z":-0.3760407269001007,"w":0.007510257884860039},"size":0.17217674851417542,"orthographic":false}